,0
"
GANADARA (Feat. 아이유)
",박재범
"
INVU
",태연 (TAEYEON)
"
사랑은 늘 도망가
",임영웅
"
취중고백
",김민석 (멜로망스)
"
듣고 싶을까
",MSG워너비(M.O.M)
"
RUN2U
",STAYC(스테이씨)
"
abcdefu
",GAYLE
"
언제나 사랑해
",케이시 (Kassy)
"
ELEVEN
",IVE (아이브)
"
너, 너 (N번째 연애 X 휘인 (Whee In))
",휘인 (Whee In)
"
사랑인가 봐
",멜로망스
"
SMILEY (Feat. BIBI)
",YENA (최예나)
"
회전목마 (Feat. Zion.T, 원슈타인) (Prod. Slom)
",sokodomo
"
Step Back
",GOT the beat
"
다정히 내 이름을 부르면
","경서예지, 전건호"
"
리무진 (Feat. MINO) (Prod. GRAY)
",BE'O (비오)
"
신호등
",이무진
"
이제 나만 믿어요
",임영웅
"
STAY
","The Kid LAROI, Justin Bieber"
"
호랑수월가
",탑현
"
Next Level
",aespa
"
Counting Stars (Feat. Beenzino)
",BE'O (비오)
"
눈이 오잖아(Feat.헤이즈)
",이무진
"
다시 사랑한다면 (김필 Ver.)
",임영웅
"
strawberry moon
",아이유
"
Dreams Come True
",aespa
"
그대라는 사치
",임영웅
"
어제처럼
",폴킴
"
Weekend
",태연 (TAEYEON)
"
드라마
",아이유
"
별빛 같은 나의 사랑아
",임영웅
"
잊었니
",임영웅
"
Savage
",aespa
"
Butter
",방탄소년단
"
HERO
",임영웅
"
Dynamite
",방탄소년단
"
너를 생각해
",주시크 (Joosiq)
"
끝사랑
",임영웅
"
만남은 쉽고 이별은 어려워 (Feat. Leellamarz) (Prod. TOIL)
",베이식 (Basick)
"
Can't Control Myself
",태연 (TAEYEON)
"
OHAYO MY NIGHT
","디핵 (D-Hack), PATEKO (파테코)"
"
Permission to Dance
",방탄소년단
"
바라만 본다
",MSG워너비(M.O.M)
"
겨울잠
",아이유
"
라일락
",아이유
"
잊을 수 있을까
",노을
"
Bk Love
",임영웅
"
노래 (The Song)
",비투비
"
사이렌 Remix (Feat. UNEDUCATED KID, Paul Blanco)
",호미들
"
문득
",BE'O (비오)
"
Celebrity
",아이유
"
서랍
",10CM
"
My Universe
","Coldplay, 방탄소년단"
"
내 생에 아름다운
",이예준
"
찰나가 영원이 될 때 (The Eternal Moment)
",마크툽 (MAKTUB)
"
Christmas Tree
",V
"
Bad Habits
",Ed Sheeran
"
우리가 헤어져야 했던 이유
",비비 (BIBI)
"
낙하 (with 아이유)
",AKMU (악뮤)
"
흰눈
",먼데이 키즈 (Monday Kiz)
"
너 아니면 안돼
",먼데이 키즈 (Monday Kiz)
"
언덕나무
",이승윤
"
헤픈 우연
",헤이즈 (Heize)
"
그래서 그래 (Feat. 윤하)
",에픽하이 (EPIK HIGH)
"
밤하늘의 별을(2020)
",경서
"
봄날
",방탄소년단
"
Blueming
",아이유
"
존재만으로
",원슈타인
"
계단말고 엘리베이터
",임영웅
"
내 손을 잡아
",아이유
"
네가 없는 밤 (Feat. ASH ISLAND) (Prod. GRAY)
",BE'O (비오)
"
모든 날, 모든 순간 (Every day, Every Moment)
",폴킴
"
Off My Face
",Justin Bieber
"
꽃 (With 김민석 of 멜로망스)
",박봄 (Park Bom)
"
롤린 (Rollin')
",브레이브걸스
"
너의 모든 순간
",성시경
"
어떻게 이별까지 사랑하겠어, 널 사랑하는 거지
",AKMU (악뮤)
"
고백
",멜로망스
"
Stronger (What Doesn't Kill You)
",Kelly Clarkson
"
Dun Dun Dance
",오마이걸 (OH MY GIRL)
"
오늘도 빛나는 너에게 (To You My Light) (Feat.이라온)
",마크툽 (MAKTUB)
"
불협화음 (Feat. AKMU) (Prod. GRAY)
",Mudd the student
"
추억은 만남보다 이별에 남아
",정동하
"
쉬어 (Feat. MINO) (Prod. GRAY)
","아넌딜라이트(Anandelight), unofficialboyy, BE'O (비오), 지구인, Mudd the student"
"
Wake Up (Prod. 코드 쿤스트)
","개코, 아우릴고트 (OUREALGOAT), SINCE, 안병웅, Tabber, 조광일"
"
작은 것들을 위한 시 (Boy With Luv) (Feat. Halsey)
",방탄소년단
"
밝게 빛나는 별이 되어 비춰줄게
",송이한
"
취기를 빌려 (취향저격 그녀 X 산들)
",산들
"
그게 더 편할 것 같아 (N번째 연애 X 멜로망스)
",멜로망스
"
사랑이 아니었다고 말하지 마요
",이예준
"
Savage Love (Laxed - Siren Beat) (BTS Remix)
","Jawsh 685, Jason Derulo, 방탄소년단"
"
겨울봄
",이세계 아이돌
"
Starlight
",태일 (TAEIL)
"
손을 잡는다거나, 같이 걷는다거나
",적재
"
그날에 나는 맘이 편했을까
",이예준
"
강변북로
",황인욱
"
그런 밤 (Some Nights)
",태연 (TAEYEON)
"
DM
",프로미스나인
"
Dilemma
",Apink (에이핑크)
"
Good Night (Feat. BE'O)
",쿠기 (Coogie)
